{
    "loss": 40.769107818603516,
    "accuracy": 0.9731964468955994
}